이름,카드 ID,층위,생성일,연도,번호,강도,형식,태그,2025 코멘트,장소
강도 구조,S-2013-001-M-IMG,Study,2013년 3월 6일,2013,1,M,IMG,"들뢰즈, 철학",,
호주 들판 사진,L-2014-001-L-IMG,Life,2014년 1월 25일,2014,1,L,IMG,사진,호주 Great Ocean Road 투어 중에 만난 들판을 찍은 사진. 낮고 엷은 색의 다양한 수풀이 모여있는 모습이 아름다웠다. 무해하고 단출해 보이는 동시에 생존을 향한 생명력이 강하게 느껴지는 삶의 양태를 지향한다는 생각을 했다.,"Great Ocean Road, 호주"
가로등 사진,A-2014-002-M-IMG,Art,2014년 8월 3일,2014,2,M,IMG,"사진, 예술, 작업",도심 속 인공물들이 만들어내는 우연한 조형성들에 매료되어 있을 때다. 이 사진은 유럽 배낭여행 중인데 어느 나라에서 찍은 것인지 모르겠다. 벽에 달린 가로등이 특이하면서도 벽면이 화면의 반 이상을 가리면서 표지판과 가로등의 캔버스 역할을 하는 것이 마음에 든다.,"파리, 프랑스"
루브르 박물관 커튼,A-2014-003-L-IMG,Art,2014년 8월 11일,2014,3,L,IMG,"사진, 예술, 작업","루브르박물관에서는 예술 작품보다 창가에 드리운 블라인드에 시선을 사로잡혔다. 창틀과 창틀의 그림자, 그림자가 비치는 베일, 너머로 옅게 보이는 구름과 베이지톤 모두 좋다.","파리, 프랑스"
바우하우스 대학 썸머스쿨 Design Basics,A-2014-004-M-IMG,Art,2014년 8월 19일 → 2014년 8월 29일,2014,4,M,IMG,"공부, 여행, 예술","독일 바우하우스 대학 썸머스쿨 Design Basics 강의를 들었다. 종이, 풀, 가위를 갖고 점, 선, 면의 기초 도형으로 조형성을 탐구하는 수업이었다. 점과 선을 이용해서 화면을 구성해보고, 마지막에는 The journey of Dot을 주제로 팀 프로젝트를 진행했다. 이집트, 페루, 일본, 벨기에, 독일 등 다양한 나라의 친구들과 함께하는 작업은 무척 즐거웠고 모두 적극적으로 수업에 참여하는 모습이 자극되기도 했다. 모두의 의견을 모아 결정한 Most Interesting한 과제에 뽑혀 기뻤지만, 나는 페루에서 온 베로니카의 화면을 처음 봤을 때의 충격이 잊혀지지 않는다. 다른 크기의 점들을 오직 배치만을 이용해 균형과 긴장감을 만들어 내서 놀란 것이다.","바우하우스 대학, 바이마르, 독일"
Blau,A-2015-001-L-IMG,Art,2015년 2월 14일,2015,1,L,IMG,"사진, 작업",,"동해와 서해 어딘가, 계명대학교, 대구"
St. Ives,A-2016-001-M-IMG,Art,2016년 2월 21일,2016,1,M,IMG,"사진, 예술","세인트 아이브스는 영국의 작은 항구 도시다. 조형 언어를 탐구하는 세미나에서 방문했다. 세인트 아이브스는 작은 항구 도시이지만, 영국 미술사에서 중요한 곳이기도, 로컬 미술 씬이 활발한 곳이기도 하다. 지금 내게 기억에 남는 것은 물 빠지고 빛 바랜 색이 가득한 바닷가 마을과 일을 마친 어부들이 들를 것 같은 오래된 펍에서 마신 에일, 그리고 마을과 달리 선명한 무지개였다. 이곳에서 나는 난생 처음으로 그림을 구입했다.","St. Ives, 영국"
사진 저널,U-2016-002-L-IMG,Unconsciousness,2016년 6월 13일,2016,2,L,IMG,"사진, 일기, 작업","살고 있는 도시에 레이어드된 풍경들을 주로 찍었다. 도로위에 드리운 다른 도로의 그림자, 겹겹이 쌓이는 유리 재질의 난간과 문이 서로 얽히며 만들어내는 기하학적 조형성이 새로운 풍경으로 다가왔다. 내 주변의 자연이란 매일 눈에 들어오는 실제 주변의 환경이 아닐까 생각했다.",대구
김수자 개인전 / 마음의 기하학,A-2016-003-H-IMG,Art,2016년 8월 18일,2016,3,H,IMG,예술,"위대한 예술가, 훌륭한 예술가, 좋은 예술가로 예술가를 구분한다면 위대한 예술가로 회자될 김수자 작가의 개인전에서 작가님을 실제로 만났다. 들숨과 날숨, 씨실과 날실, 흐르는 물과 목구멍에서 밀어내는 가글하는 물을 통해 모든 사물의 작용과 반작용에 대해 느낄 수 있었다고 감상을 전했던 기억이 난다. 김수자 선생님은 이후 2023년 Frieze Seoul 에서 토크 프로그램 운영을 도우며 다시 만났다. 이때 만큼의 감동은 없었지만 토크 내내 꼿꼿이 솟은 허리는 여전했다.",국립현대미술관 서울
KIAF 2016,A-2016-004-L-IMG,Art,2016년 10월 14일,2016,4,L,IMG,예술,이때만 해도 내가 Kiaf에서 일을 하게 될 것이라고는 생각도 하지 못했다.,"코엑스, 서울"
HONEY MOON MOTEL,A-2016-005-L-IMG,Art,2016년 10월 16일,2016,5,L,IMG,사진,허니문 호텔이라는 이름과 달리 을씨년 스러운 분위기가 마음에 들어서 찍다. 곧 무슨 일이 일어날 것 같음.,"팔공산, 대구"
프라작타 포트니스,A-2016-006-L-IMG,Art,2016년 11월 1일,2016,6,L,IMG,예술,"바느질, 2009
당신이 밖을 볼 때까지 벗기고 또 벗기고, 2014

광주비엔날레에서 본 작품. 미세한 균열도 작품이 될 수 있다는 것을 알았다.","광주 비엔날레 전시관, 광주"
창문들,A-2016-007-L-IMG,Art,2016년 11월 9일,2016,7,L,IMG,"사진, 예술, 작업",창문들에 매료되어 있을 때.,"계명대학교, 대구"
감각의 증상 전시,A-2016-008-H-IMG,Art,2016년 12월 14일,2016,8,H,IMG,"사진, 예술, 작업",,"계명대학교, 대구"
인생은 마법같은 순간들로 가득차 있다.,A-2016-009-M-MIX,Art,2025년 4월 20일 오후 6:32 (GMT+9),2016,9,M,MIX,"삶, 예술, 인스타그램",,대구
"이우환, 여백의 예술",A-2016-010-M-MIX,Art,2025년 4월 20일 오후 6:33 (GMT+9),2016,10,M,MIX,"삶, 예술, 인스타그램",졸업 작품 주제를 이우환 작가로 정해 책도 읽고 전시도 봤다. 지금 생각해보면 당시 읽은 책의 영향을 많이 받은 것 같기도. 특히 타인과의 관계에 너무 취약해 두려워하면서도 계속 부딪히는 경험을 만들려고 하는 지점이.,대구
Blow up,A-2016-011-L-MIX,Art,2025년 4월 20일 오후 6:36 (GMT+9),2016,11,L,MIX,예술,<현대 작가 연구>라는 사진과 수업에서 <Blow up>이라는 영화를 보고 쓴 글.,대구
선택의 자유,U-2016-012-L-MIX,Unconsciousness,2025년 4월 20일 오후 6:37 (GMT+9),2016,12,L,MIX,"공부, 철학","어쩌면 내 인생에 선택이라고 할 만한 것들을 시작했던 때가 이쯤이었던 것 같다. 그전까지는 사는대로, 멋대로 살아지는 삶이었다. 그때로부터 수많은 나의 선택들이 지금의 나를 만들었다고 생각하면 아찔하기도 하고 안도의 숨이 나오기도 한다. 자유에 대한 진실.",대구
삶은 언제나 은총의 돌층계의 어디쯤이다,A-2016-013-L-MIX,Art,2025년 4월 20일 오후 6:39 (GMT+9),2016,13,L,MIX,"삶, 예술, 인스타그램",그러니까 삶의 아름다움을 적극적으로 받아들이기 시작한 때도 이때 쯤인 것 같지.,대구
<나의 조형언어를 찾아서> 영국 세미나,A-2016-014-H-MIX,Art,2025년 4월 20일 오후 7:23 (GMT+9),2016,14,H,MIX,"공부, 여행, 예술, 인스타그램","영국 런던, 요크, 옥스포드, 펜잔스 등 미술관, 박물관을 돌아다니며 진행된 2주 간의 세미나. 런던에서 ‘삼무(선생도 교실도 교재도 없는? 이었나)’철학을 중심으로  교육기관을 운영하고 있는 선생님이 기획 운영하는 미술 공부 세미나였다. 70대 화가부터 30대 큐레이터, 10대까지(70대 화가의 손자) 모든 연령대가 모여 있어 독특하고 흥미로웠다. 이 때 옥스포드 미술관에서 만난 크레타 섬 미술이 내게 ‘자유’에 대한 키워드를 깊이 각인시켜 주었다. 나는 몇 년 뒤 크레타 섬에서 발견된 코인에 새겨진 미로를 오른쪽 팔 안쪽에 새긴다. 이 세미나에 대해 할 말이 많은데 일단 시간 상 카드 하나로..",영국
대학 졸업장,L-2017-001-L-IMG,Life,2017년 2월 17일,2017,1,L,IMG,,대학 졸업장. 나는 지방 사립대라는 보이지 않는 꼬리표를 만들어 달고 다니며 나 스스로를 끊임없이 제한했다.,"계명대학교, 대구"
"영웅의 모험 ",S-2017-002-H-IMG,Study,2017년 4월 29일,2017,2,H,IMG,신화,"조셉 캠벨의 <천의 얼굴을 가진 영웅>을 갤러리 대표와 Jin과 함께 읽으며 정리한 내용을 공유했다. 이 책을 읽는 내내 시련을 직접 겪는 것 같아 괴로웠지만 —특히 잔인하고 끔찍한 신화들을 글자로 읽는 것을 당시에는 견디기 어려웠다— 삶에서 어떤 고난을 겪게 되더라도 영웅의 모험을 겪는 것이라 여기며 돌파할 수 있게 되었다. 정신력(정신 승리)의 근간이 된 책. 당시에도 나는 사랑에 관심이 많았고, 애인과의 관계 역시 하나의 여정으로 생각하고 싶었지만, 내가 어디로 가든 그건 혼자만의 모험이었다. 영웅의 모험이란 결국 혼자 떠나야 하는 것이다.","집, 대구"
Museum Association Membership,A-2017-003-M-IMG,Art,2017년 6월 3일,2017,3,M,IMG,"여행, 예술","2017년도 그랜드 투어를 떠나기 위해 런던 뮤지엄 어소시에이션 멤버십 카드를 발급했다. 영국에 있는 900개 이상의 뮤지엄, 갤러리, 특별전을 카드 하나로 모두 방문 및 관람할 수 있다. 이 카드로 내셔널 갤러리, 빅토리아 앤 알버트 뮤지엄, 영국 박물관, 내셔널 초상화 뮤지엄, 코톨드 갤러리 등 여러 곳을 다녀왔다.","런던, 영국"
개인 과제,W-2017-004-M-IMG,Work,2017년 6월 6일,2017,4,M,IMG,"일기, 작업","2017 그랜드투어를 떠나기 전 갤러리 대표에게 개인 과제를 받았다. 막상 갔을 때 나는 교통, 숙소, 티켓 등 운영 전반을 담당하고 있었기 때문에 과중한 책임으로 스트레스가 매우 높아 개인 과제를 제대로 기록하지 못했다. 몇 가지 강렬한 기억만 몸에 남아 있는데 그건 어떻게 재료로 만들 수 있을지 모르겠다. 이 노트가 기억나지는 않았지만 이 과제는 내가 어딘가에 갈 때 어떤 것을 보고 느껴야 하는지 기준을 세우는 기본적인 가이드가 되었다.

당시에는 아트 필드에서 계속 일을 하고 나의 사업을 할 것이라 생각했다.",대구
자료들,A-2017-005-L-IMG,Art,2017년 6월 10일 → 2017년 6월 11일,2017,5,L,IMG,예술,"이미지, 노트, 낙서, 기록들을 보는 것은 늘 즐겁다. 사실 이 Sencyclopedia 역시 이런 물리적인 재료들로 만들고 싶은 마음이 컸지만 작업 규모와 투입 시간을 고려해서 디지털 작업으로 결정하게 되었다. 이런 자료들을 볼 때마다 무엇인가 남기고 싶은 욕망이 가득해진다.",
FEAR EATS THE SOUL,U-2017-006-M-IMG,Unconsciousness,2017년 6월 17일,2017,6,M,IMG,예술,"아트 바젤에 걸려있던 수억원의 작품들보다 이 작품이 눈에 더 들어왔다. 두려움에 사로잡혀 온 몸을 경직시키고 다니던 때다. 무엇이 그렇게 두려웠던 걸까. 지금도 마찬가지지만 세상도 나도 훨씬 모를 때인 17년도에 나는 나 자신이 가장 두려웠던 것 같다. 무엇을 얼마나 할 수 있을지, 어떤 것을 할 수 없는지 알지 못해서 였을까. FEAR EATS THE SOUL은 리크릿 티라바니자 Rirkrit Tiravanija라는 예술가의 작품인데, Rainer Werner Fassbinder라는 독일 영화 감독의 동명의 영화 <Angst essen Seele auf>에서 차용한 것이다. 리크릿 티라바니자는 1961년 아르헨티나 부에노스 아이레스에서 태어났다. 원작 영화도 한 번 보고싶다.","아트 바젤, 바젤, 스위스"
"파울로 코엘료, 순례자",U-2017-007-M-MIX,Unconsciousness,2025년 4월 20일 오후 6:40 (GMT+9),2017,7,M,MIX,"예술, 인스타그램",지금도 유효한 기도.,대구
길,U-2017-008-H-MIX,Unconsciousness,2025년 4월 20일 오후 6:41 (GMT+9),2017,8,H,MIX,"인스타그램, 일기, 작업",가끔은 짧은 시를 썼다. 이 길에 대한 모티프는 나중에 고려대학교 대학원 신문에 기고한 <길과 걸음>의 단초가 되었다.,대구
우리 모두는 각자의 존재 이유와 가치가 있다.,L-2017-009-L-MIX,Life,2025년 4월 20일 오후 6:43 (GMT+9),2017,9,L,MIX,"삶, 인스타그램, 일기","당시 나는 동시대 청년으로서의 정체성을 크게 갖고 있었던 것 같다. 지금은 그 정체성이라기 보다는 동시대를 살아가는 현대인으로써 어떤 치유의 방법론을 구체화하고 싶은 느낌이다. 내가 10년 간의 여정을 통해 얻은 것이 일종의 치유, 그리하여 삶을 삶대로 살아갈 수 있게 된 것이기 때문이다. 죽지 않고.",대구
포항과 플럭서스 정신,L-2017-010-H-MIX,Life,2025년 4월 20일 오후 6:45 (GMT+9),2017,10,H,MIX,"삶, 예술, 인스타그램, 작업","최근 플럭서스 예술가들에 대한 칼럼을 <안티에그>에 기고했다. 공식 활동을 하는 에디터로써의 첫걸음이었다. 이건 갤러리에서 <아트 버스킹>이라는 프로젝트를 하며 포항 한달 살기를 하던 중, 포항 영일만항을 강타하는 강한 지진을 겪고 대구로 급히 대피했다가 다시 포항으로 돌아가며 쓴 글이다. 나는 다시 가고싶지 않았지만, 엄마가 오늘 죽더라도 사과나무를 심겠다고 다짐한 사람도 있지 않냐며 나를 포항행 차에 직접 데려다주었다. 여진은 멈출 생각이 없었고 나는 끊임없이 구릉거리는 포항 땅을 밟으며 어떤 큰 전환을 앞두고 있었다.",포항
나는 어느 순간 내가 정해둔 내가 되기를 포기했다.,U-2017-011-M-MIX,Unconsciousness,2025년 4월 20일 오후 6:49 (GMT+9),2017,11,M,MIX,"삶, 인스타그램",,포항
Leaking Territories,A-2017-012-H-MIX,Art,2025년 4월 20일 오후 6:50 (GMT+9),2017,12,H,MIX,"예술, 인스타그램","내게 ‘예술’의 형식에 대한 인식을 완전히 깨뜨린, 그걸 직접 경험할 수 있는 예술 작품으로 만난 강렬한 작품. 뮌스터 조각 프로젝트는 도시 전체가 예술의 장이 되어 작품들이 전시되는 10년마다 열리는 예술 페스티발이다. 우연히 만난 이 작품은 퍼포머들이 끊임없이 서로의 몸을 얽었고, 퍼포먼스가 끝난 후에는 관람객들에게 키워드를 받아 주관적인 답변을 제시하는 인간 구글링 퍼포먼스를 했다. 나는 베니스 비엔날레와 카셀 도큐멘타에서 수많은 예술 작품들을 이미 만나고 뮌스터에 온 것이었지만, 이 작품이 몸에 깊이 각인되었다. ","뮌스터, 독일"
공부하기 싫을 때,L-2017-013-L-MIX,Life,2025년 4월 20일 오후 6:53 (GMT+9),2017,13,L,MIX,인스타그램,조셉 캠벨의 <천의 얼굴을 가진 영웅>을 읽을 때였던 것 같다. 공부하기 싫을 때마다 나는 인스타그램에 뭘 올렸다.,대구
너의 운명을 기쁜 마음으로 따르도록 해라.,U-2017-014-H-MIX,Unconsciousness,2025년 4월 20일 오후 6:55 (GMT+9),2017,14,H,MIX,"삶, 신화",지금 생각해보면 <우연에 순종하라>는 들뢰즈 뿐만 아니라 많은 곳에서 왔다는 생각이 든다. 영웅의 삶이나 파울로 코엘료의 책들.,대구
작은 꿈 : 작업실,L-2017-015-L-MIX,Life,2025년 4월 20일 오후 6:56 (GMT+9),2017,15,L,MIX,인스타그램,여전히 가지고 있는 꿈.,대구
모더니즘과 관세음보살,S-2017-016-L-MIX,Study,2025년 4월 20일 오후 6:56 (GMT+9),2017,16,L,MIX,인스타그램,무슨 얘기했는지 나도 알려줘..,대구
독일인의 사랑,A-2017-017-L-MIX,Art,2025년 4월 20일 오후 6:57 (GMT+9),2017,17,L,MIX,인스타그램,좋아하던 동네 카페 사장님과 같이 책을 읽는 스터디를 했다. 이 책이 처음이자 마지막이었지만… 사장님과 서로의 비밀 하나씩을 공유했다. 나는 그 비밀을 영원히 아무 데에도 이야기하지 않을 생각이다. 그녀의 자유를 지킬 것이다.,대구
없는 자신을 발명하는 일,U-2017-018-H-MIX,Unconsciousness,2025년 4월 20일 오후 6:59 (GMT+9),2017,18,H,MIX,"삶, 예술, 인스타그램, 철학",그런 10년이 아니었을까.,대구
제5원소,A-2017-019-L-MIX,Art,2025년 4월 20일 오후 7:00 (GMT+9),2017,19,L,MIX,,"주희가 쓴 극본에 <제6원소>라는 제목을 추천해주었다. 둘이 <제5원소>를 다시 같이 봤다. 이미 내용을 알고 연극을 보러 갔지만, 글로 읽는 것과 연극으로 보는 것의 차이가 그렇게 클 줄은 몰랐다. 나는 큰 충격을 받았다. <제6원소>는 우리 가족을 고발하는 이야기였기 때문이다.",대구
우리 탐험의 끝,U-2017-020-M-MIX,Unconsciousness,2025년 4월 20일 오후 7:02 (GMT+9),2017,20,M,MIX,"삶, 예술",순환 키워드.,대구
그리고 출발점,S-2017-021-L-MIX,Study,2025년 4월 20일 오후 7:03 (GMT+9),2017,21,L,MIX,"공부, 삶, 예술, 인스타그램, 작업","예술 비평에 대한 스터디를 시작했다. 나는 이때 이미 예술 비평도 예술의 영역에 넣었다. 무엇이 들어가지 않을 수 있을까. 예술이란 그저 삶을 찬미하는 하나의 방법일 뿐인데. 그 스터디원들은 대학원 입학을 목표로 했고, 우리 스터디는 단 한방에 합격률 100%를 자랑한다. 서울에 와서는 함께 여행을 많이 했다.",대구
산다는 경험하는 것이지 삶의 의미에 대해 생각하고 앉아있는 것이 아니다.,L-2017-022-H-MIX,Life,2025년 4월 20일 오후 7:05 (GMT+9),2017,22,H,MIX,"삶, 예술, 인스타그램",맞다.,대구
스스로 기획하는 인간 되기,A-2017-023-M-MIX,Art,2025년 4월 20일 오후 7:06 (GMT+9),2017,23,M,MIX,"삶, 예술, 인스타그램, 작업",그것은 성공적인가.,대구
미술사강좌,W-2017-024-L-MIX,Work,2025년 4월 20일 오후 7:06 (GMT+9),2017,24,L,MIX,"인스타그램, 일",이런 것도 했다.,대구
가끔 그림을 그린다,A-2017-025-L-MIX,Art,2025년 4월 23일 오후 12:36 (GMT+9),2017,25,L,MIX,작업,,대구
가끔 사진을 찍는다,A-2017-026-L-MIX,Art,2025년 4월 23일 오후 12:38 (GMT+9),2017,26,L,MIX,"사진, 작업","사진을 자주 크롭했다. 확대되어 잘리는 조각들은 전체 구도에서 작은 곳에 불과할 때가 많았는데, 그런 장면들이 좋았다. 있었는지도 모르고 지나가는 순간들. 하지만 분명 존재하는 순간들. 

길을 걸을 때면 그런 순간들이 너무 많아 나는 자주 정신을 차리지 못한다. 옆에 있는 사람과 대화를 하고 있어도 눈은 곧장 그런 장면들을 찾아내고, 참지 못하고 손가락을 펼치며 말을 끊는다. 햇빛을 받아 연녹색으로 빛나는 잎, 보석들이 굴러 떨어지며 내는 소리를 낼 것 같이 흔들리는 잎들에서 어떻게 눈을 뗄 수 있는지 나는 모른다.",대구
우리 안의 더 깊은 힘을 찾아내는 기회,U-2018-001-H-MIX,Unconsciousness,2025년 4월 10일 오전 11:18 (GMT+9),2018,1,H,MIX,"삶, 신화",,"집, 대구"
내 자신의 운명을 만난 날,U-2018-002-H-IMG,Unconsciousness,2025년 4월 13일,2018,2,H,IMG,"삶, 예술, 작업",나는 작가가 되겠다.,대구 본가
개인적인 의례,U-2018-003-H-IMG,Unconsciousness,2025년 4월 13일,2018,3,H,IMG,"삶, 신화","진과 함께 한 해 동안 떠나보내야 할 것들, 새해에 바라는 것들을 종이에 적어 접고 태웠다. 종이가 불에 타자 아주 깨끗한 마음이 되었다.","진의 집, 목동, 서울"
아빠의 슬라이드 필름,L-2018-004-L-MIX,Life,2025년 4월 20일 오후 7:07 (GMT+9),2018,4,L,MIX,"삶, 인스타그램",기록이란 뭘까. 기억이란 뭘까.,대구
마지막 어휘,S-2018-005-L-MIX,Study,2025년 4월 20일 오후 7:08 (GMT+9),2018,5,L,MIX,"공부, 인스타그램, 철학",‘마지막 어휘’라는 걸 보니 아마 리처드 로티를 읽고 있었던 때였나보다. 사진은 당시 내 방.,대구
"아이러니스트, 리처드 로티",S-2018-006-M-MIX,Study,2025년 4월 20일 오후 7:09 (GMT+9),2018,6,M,MIX,"공부, 예술, 인스타그램, 작업, 철학","자아의 경계를 끊임없이 확장하고자 하는 삶. 그래, 이제 패턴이 보인다. 근데 확장하고 나서 무엇이 남는가. 남긴 하는가.",대구
"가장 사랑하는 것을 내보내고, 아예 죽여버려라.",U-2018-007-H-MIX,Unconsciousness,2025년 4월 20일 오후 7:10 (GMT+9),2018,7,H,MIX,"삶, 신화, 인스타그램",영웅의 삶의 핵심은 개인적인 것을 희생해야 한다는 것. 여기서도 반복된다. 나는 지금도 많은 것들을 버리고 있다. 버릴수록 강해지는 기분이 든다. 그리고 더 외로워진다.,대구
자신의 삶에 집중하는 삶,U-2018-008-L-MIX,Unconsciousness,2025년 4월 20일 오후 7:11 (GMT+9),2018,8,L,MIX,"인스타그램, 작업",쉽진 않다.,대구
사진을 하나도 안찍었다.,U-2018-009-M-MIX,Unconsciousness,2025년 4월 20일 오후 7:12 (GMT+9),2018,9,M,MIX,"인스타그램, 작업",,서울
미투운동,L-2018-010-M-MIX,Life,2025년 4월 20일 오후 7:13 (GMT+9),2018,10,M,MIX,"삶, 인스타그램",대한민국에 미투를 말할 수 없는 여성은 존재하지 않을 것이라 확신한다. (안할 수는 있겠다) 오랫동안 나를 지배하고 있던 권력에 대한 문제를 보다 의식화하게 된 계기.,대구
또 얼마나 변화하고 달라져 있을지,U-2018-011-L-MIX,Unconsciousness,2025년 4월 20일 오후 7:14 (GMT+9),2018,11,L,MIX,"공부, 삶, 인스타그램",달라질 것을 기대하고 현재를 견디기. 적어도 도움은 되었던 것 같다. 이때까지만 해도 필름 카메라로 사진을 열심히 찍었던 것 같네..,대구
무드,U-2018-012-L-MIX,Unconsciousness,2025년 4월 20일 오후 7:15 (GMT+9),2018,12,L,MIX,"인스타그램, 작업",,대구
실패에 대하여,U-2018-013-M-MIX,Unconsciousness,2025년 4월 20일 오후 7:16 (GMT+9),2018,13,M,MIX,"삶, 인스타그램","내가 ‘정신승리’라는 방법론을 놓지 못하는 이유가 있다. 영혼을 다친 큰 실패로부터 안전하게 빠져나오기 위해서는 정신 승리가 필수다. ",대구
정월대보름,L-2018-014-L-MIX,Life,2025년 4월 20일 오후 7:16 (GMT+9),2018,14,L,MIX,"삶, 인스타그램",,대구
라이카 미니줌 사고,A-2018-015-L-MIX,Art,2025년 4월 20일 오후 7:18 (GMT+9),2018,15,L,MIX,"사진, 인스타그램, 작업",,대구
런던 여행,U-2018-016-H-MIX,Unconsciousness,2025년 4월 20일 오후 7:19 (GMT+9),2018,16,H,MIX,"삶, 여행, 인스타그램",이 런던 여행이 진과 함께 했던 여행이다. 우리는 매일 밥을 해먹고 미술관을 가서 작품을 보고 이야기를 나누고 나는 많이 울었다. 그리고 햄버거를 하나 사서 숙소로 돌아와 먹거나 저녁밥을 해먹고 잠에 들었다. 베드버그를 세 번 만났는데 아무런 피해를 입지 않았다. 에어비엔비 이불과 베개 커버를 교체했다. 신은 베드버그의 모습으로 온다. 2주 간 내가 갖고 있던 많은 문제들을 언어화했고 나는 조금씩 그 문제들을 해결하고 있다… 있나..?,런던
런던에서 만난 여성운동,L-2018-017-M-MIX,Life,2025년 4월 20일 오후 7:19 (GMT+9),2018,17,M,MIX,"삶, 예술, 인스타그램, 작업",,런던 팔리아멘트
구렁을 뛰어넘는 일,U-2018-018-H-IMG,Unconsciousness,2025년 4월 22일,2018,18,H,IMG,신화,“생각하는 것만큼 넓진 않으리라”,"KTX, 한강, 서울"
수천 마리의 황금 사자,U-2018-019-H-MIX,Unconsciousness,2025년 4월 22일 오전 10:07 (GMT+9),2018,19,H,MIX,"삶, 신화, 인스타그램","철학 공부를 처음 할 때였나, 어떤 교양서에서 의자인지 시계인지 가만히 들여다보면 그 사물 안에 온 우주가 있다고 했다. 그 느낌은 <예술 사진> 수업을 들을 때 나의 시선이 움직일 때마다 프레임 안 공간과 화각이 순간 순간 완전히 달라지는 것을 인식할 때 다시 한 번 내게 왔다. “단 한 올의 터럭 속에서 ‘수천 마리의 황금 사자’를 인식하는 기쁨”은 지금까지도 내게 영향을 미치며 예술이란 “경험하는 마음으로 욕망과 두려움을 지나쳐 그 안에 위치한 깨달음까지 데려가는”것인 동시에 이우환의 점처럼 점 하나에서 삼라만상을 느낄 수 있게 하는 매개라는 생각을 하게 하고, 그렇기 때문에 나는 일상이 예술이 될 수 있다고 생각하는 것 같다.",대구
"가상이나 속임수로, 오류, 허무주의",S-2019-002-L-IMG,Study,2025년 4월 10일,2019,2,L,IMG,"공부, 작업","왜인지 페이퍼에 기름이 묻어 아래 편 글이 비쳤다. 비친 글자가 가상이나 속임수, 오류, 허무주의 같은 것인 게 묘해서 찍었다.","홍익대학교, 서울"
힘소비의 극대경제와 영원회귀,S-2019-001-H-MIX,Study,2025년 4월 10일,2019,1,H,MIX,"공부, 삶, 철학","힘에의 의지는 맹목적으로 나아가고, 싸우고, 이기고, 힘을 방출하는 것. 최대의 힘을 방출한 힘에의 의지는 본성으로 돌아와 다시 나아가기를 반복한다. 끊임없이 나아가려는 힘, 그것이 영원히 반복된다는 것이 좋았다. 다른 모든 것은 영원회귀의 효과이자 힘의 부산물, 반향이 되었고, 나는 언제든 영원회귀의 층위로 돌아올 수 있게 되었다. 이 인식은 내가 우연을 받아들이게, 들뢰즈를 공부하게, 삶을 사랑하게 만들어주었고 아직까지도 삶에 깊은 영향을 미치고 있다.","홍익대학교, 서울"
연민과 고통,U-2019-003-M-MIX,Unconsciousness,2025년 4월 20일 오후 4:23 (GMT+9),2019,3,M,MIX,삶,"연민과 고통 모두 엄숙하고 부단한 것에 마음을 빼앗기게 하는 것인데, 나는 당시 둘 중 공포의 감정에 사로잡혀 있었던 것 같다. 마음이란 이렇게 엄숙하고 부단한 것에 그 자신을 빼앗겨 버리는 것이라면, 성숙해진다는 것은 보이지 않는 원인과 하나 되는 것이 아니라 고통 받는 사람과 하나될 수 있는 사람이 되는 것 아닐까. 그리고 그 고통 받는 사람이 자신이 아니라 타인일 때, 그 고통이 타인의 것만이 아님을 알 때.","목동, 서울"
원환적 시간,S-2019-004-H-MIX,Study,2025년 4월 20일 오후 4:32 (GMT+9),2019,4,H,MIX,"공부, 삶, 철학","<차라투스트라는 이렇게 말했다>의 “영원회귀”에 대해 언급되는 부분에서 차라투스트라가 난쟁이(난쟁쓰)와 만나는 장면. 지금 보면 이 도식은 잘못 그린 것이 분명해 보인다. 차라투스트라가 자신의 아이디어를 두려워하며 설명하려고 했던 것은 끊임없이 영원으로 뻗어나가는 순간들과 존재했던 순간으로 우리가 영원히 되돌아온다는 사실이기 때문에. 이 대목으로 니체의 영원회귀 사상이 명료하게 설명되지는 않지만, 난쟁이와 차라투스트라의 이 난해한 대화는 내게 아주 오래 남았다.","홍익대학교, 서울"
차라투스트라는 이렇게 말했다,S-2019-005-H-MIX,Study,2025년 4월 20일 오후 4:45 (GMT+9),2019,5,H,MIX,"공부, 삶, 철학","<차라투스트라는 이렇게 말했다>는 내가 홍익대학교 대학원 미학과를 선택하게 한 가장 큰 이유였다. 2018년도 말에 이 책을 읽고 일주일 만에 입시 원서를 준비했다. 입학 후 첫 학기 수강신청 때 마침 <차라투스트라는 이렇게 말했다> 강독 수업이 있었다. 지금 생각해도 운명 같기만 하다. 내가 혼자 느꼈던 것들을 강의를 통해 확신하고, 이해하지 못했던 부분들을 낱낱이 살필 수 있어 짜릿했던 한 학기였다. 지금 다시 책을 펼쳐보니 책 중간이 떨어져 있다. ","홍익대학교, 서울"
진리의 통일성은 캐물을 수 없다.,S-2019-006-M-MIX,Study,2025년 4월 20일 오후 4:56 (GMT+9),2019,6,M,MIX,"공부, 철학","학교에서 니체를 공부할 때 노트한 것 같은데, 지금 보니 무슨 말인지 잘 모르겠다. 하지만 진리란 ‘통일성이 매개없이 존재하는 것’이라는 말은 왜인지 지금 내가 삶의 방법론으로 즐겨 사용하는 ‘정신승리’의 근간이 된 것 같기도 하다.","목동, 서울"
고양이,S-2019-007-L-MIX,Study,2025년 4월 20일 오후 4:59 (GMT+9),2019,7,L,MIX,철학,이건 그냥 귀여워서..,"목동, 서울"
영웅의 비극,U-2019-008-M-MIX,Unconsciousness,2025년 4월 20일 오후 5:00 (GMT+9),2019,8,M,MIX,"공부, 삶, 신화","조셉 캠벨을 공부하면서 영웅의 삶에 대해 깊은 관심을 가지게 되었다. 캠벨이 정리한 영웅 서사는 스토리의 기본이기도 하지만, 나는 그것보다 영웅이 하는 모험 자체, 그 모험에서 무엇을 얻고 무엇을 잃는지에 대해 더 관심이 많았다. 무엇보다 영웅은 자신이 속한 그룹을 위해 자신을 희생하는 사람이다. 한 인간이 지닌 개인적인 영역을 모두 희생하고 모험을 통해 시련을 겪고 얻은 것을 공동체에 바친다. 이 개념은 내게 무척 잔인하게 들렸는데, 동시에 개인적 특질에 대한 집착을 어느 정도 포기할 수 있게 하는 계기가 되었다.","목동, 서울"
내 삶의 테마,U-2019-009-H-MIX,Unconsciousness,2025년 4월 20일 오후 5:10 (GMT+9),2019,9,H,MIX,"삶, 일기","일기에 쓴 것들을 테마로 삼아 나는 꾸준히 언어화하려는 욕망으로 살아온 것 같다. 이제 앞으로 10년은 지금까지의 10년(2014-2024)을 되돌아보고 파먹기만 하면서 살아도 좋겠다는 생각을 한다. 고운 체에 거르고, 정제하고, 세공하여 나의 언어로 만드는 작업을 하고 싶다. ","목동, 서울"
연민과 합일,U-2019-010-H-MIX,Unconsciousness,2025년 4월 22일 오전 10:12 (GMT+9),2019,10,H,MIX,"삶, 신화, 인스타그램",,대구
The last holiday,A-2019-011-M-MIX,Art,2025년 4월 22일 오전 10:13 (GMT+9),2019,11,M,MIX,"사진, 예술, 인스타그램, 작업","2024년도에 이 사진에 대한 글을 쓴 적이 있다. 최가은 선생님의 <나는 왜 쓰(려)는가> 수업에서 쓴 마지막 글이다. 조금 발췌해 볼까. 

”한강에 놓인 고가도로 위 석양을 반사하며 빛나는 차체를 보면 마틴 파의 ‘The last vacation’ 시리즈가 생각난다. 제목을 적으려고 보니 'vacation'이 아니라 'vacance(바캉스)'였던 것 같다. 검색을 하니 바캉스는 프랑스어로 번역된 제목이고, 마틴 파가 붙인 제목은 ‘The last resort’ 였다. 유원지 아닌 곳에서 유원지를 찾기 때문일까. 이 사진들이 떠오르는 것이 사진에서 드러나는 휴가철의 피로한 여파 때문인지 사진을 처음 봤을 당시의 내 상태 때문인지 모르겠다. 아마도 이 풍경이 나의 ‘마지막 유원지’인 모양인데, 그러니까 나는 한강을 그렇게 느끼는 것 같다. 그렇게 느끼게 된 후로 나는 강에 발을 걸친 고가도로를 볼때면 가로등이 세워진 높이 솟은 도로를 달리는 매끈한 자동차 윗면을 찍곤 했다. 평범한 은색 중형차면 더 좋았다. 마치 바캉스에 갔다 돌아오는 길인 것처럼. 일상에 돌아오기 싫은 마음을 마주하는 것처럼. 어쩌면 나는 영원히 강변에 조성된 자전거 길을 벗어나고 싶지 않았던 것일지도 모른다. 정확히 말하면 따릉이를 반납해야 할 적절한 구간을 벗어날 수 없었던 것이다. 한강을 벗어나면 내일이 있고, 쉬지 못하는 고양이가 있고, 더 많은 노인과 더 많은 비둘기가 있다. 침을 뱉는 더 많은 사람들, 더 많이 부딪히는 사람들, 더 많은 욕을 내뱉는 더 많은 사람들. 그리고 시간은 없었다. 삶을 감각할 시간, 글을 쓸 시간, 녹음을 할 시간, 잠시 멈춰 설 시간이.”",대구
벼룩의 의미가 무엇인지 아십니까,U-2019-012-L-MIX,Unconsciousness,2025년 4월 22일 오후 1:24 (GMT+9),2019,12,L,MIX,"인스타그램, 작업",,대구
고요한 시간들,L-2019-013-L-MIX,Life,2025년 4월 22일 오후 1:37 (GMT+9),2019,13,L,MIX,"삶, 인스타그램",,대구
이방인,L-2019-014-L-MIX,Life,2025년 4월 22일 오후 1:39 (GMT+9),2019,14,L,MIX,"여행, 인스타그램",,"송정해수욕장, 부산"
시리지 않을 황홀함,L-2019-015-M-MIX,Life,2025년 4월 22일 오후 1:40 (GMT+9),2019,15,M,MIX,"삶, 인스타그램","나는 심미성에 대해 오래 생각했다. 대학원에서 만난 교수님은 맹목적인 심미성의 위험을 강조했다. 탐미적인 인간을 비판한다. 이 글을 기점으로 나는 내가 가진 심미성을 알아보는 능력을 인정하기로 했다. 잃는 것도 아름다운 것이기 때문이다. 나는 이것을 아름답게 느끼는 것에 대해 오래 죄책감을 갖고 있었다. 하지만 나는 내가 잃은 많은 것들을 아름다움으로 찬미하고 축복하고 싶다. 잃은 것들은 내게 와서 무늬를 새기고 무늬들이 나를 이룬다. 아름다워진다. 

하지만 내게도 전혀 아름답지 않은 것이 있다. 그건 인간이 으뜸이라고 생각하는 태도다. 인간은 스스로 인간이라는 피할 수 없는 사실에 굴종할 때에만 아름다울 수 있다. ","홍익대학교, 서울"
가끔 그림을 그린다2,A-2019-016-L-MIX,Art,2025년 4월 23일 오후 12:37 (GMT+9),2019,16,L,MIX,작업,,대구
나는 아주 투명하게 들여다보이고 싶다.,L-2020-001-H-IMG,Life,2025년 4월 10일,2020,1,H,IMG,삶,,"맞배집, 대전"
도덕에 대한 정의,S-2020-002-H-IMG,Study,2025년 4월 10일,2020,2,H,IMG,"공부, 철학",,"홍익대학교, 서울"
생기의 필연성,S-2020-003-H-IMG,Study,2025년 4월 10일,2020,3,H,IMG,"공부, 철학",그야말로 생기!,"홍익대학교, 서울"
큰 차이와 작은 차이,S-2020-004-H-IMG,Study,2025년 4월 10일,2020,4,H,IMG,"공부, 들뢰즈, 철학",,"드로즈 스터디, 목동, 서울"
"가상계, 브라이언 마수미",S-2020-005-M-IMG,Study,2025년 4월 10일,2020,5,M,IMG,"공부, 철학","목동 살 때 근처에 카페가 많지 않아 아파트 상가에 있는 카페들을 돌아다녔다. 혼자 커피를 마시며 책을 읽고 있는데 옆 테이블인지 사장님이(아마 옆테이블이 사장님의 지인인 듯 했다) 토마토 바질 피자 한 조각을 주셨다. 목동은 전반적으로 카페에서도 중고등학생들이 과외를 하거나 학원 중간에 비는 시간을 간식과 음료로 떼우는 분위기였는데, 그래서 줬나 보다(?). 

책에 비밀스레 적힌 기술(’그 자신이 (아무리 미약해도) 현실에 첨가된 것일 뿐이라는 사실을 자백하기를 두려워하지 않는 기술’ 같은)을 발견해 삶에 몰래 적용해 보기를 시작했다.","목동 5단지아파트, 서울"
나르시시스트 찬가 (딜레당트),W-2020-006-M-MIX,Work,2025년 4월 20일 오후 5:25 (GMT+9),2020,6,M,MIX,"예술, 작업","친구가 다른 친구들과 운영하는 뉴스레터 딜레당트에 짧은 글을 실었다. 오래 전 글이라 이게 전문인지도 확실하지 않다. 일반적으로 칭송받기 어려운 것들의 칭송할 점을 찾아 찬미하는 것이 당시 내가 실험했던 일종의 저항 정신이었던 것 같다. 이런 것들은 너무도 쉽게 오인되어버리기 때문에 위험성을 늘 어느 정도는 갖고 있고, 나는 그 점까지 포함해서 안전한 저항을 즐겼다. 도파민 중독처럼 그 위험성은 내게 즉각적인 쾌락을 가져다 주었지만 동시에 일상에서 수많은 오해와 갈등을 불러일으키기도 했던 것 같다. ","홍익대학교, 서울"
내 삶의 의미,L-2020-007-H-MIX,Life,2025년 4월 20일 오후 6:03 (GMT+9),2020,7,H,MIX,"공부, 삶, 일기","이 때 나는 땅에 닿지 않은 계단을 올라가는 꿈을 많이 꾸었다. 계단을 땅에 단단히 뿌리 박는 것, 그것이 당시 삶의 과제였다. 지금은 맨 발로 부드럽고 촉촉한 흙을 거닐듯 살고 있다. 그렇게 살고 싶다.",서울
이 마음으로 나는 할 수 있는 게 없어서 기력을 모두 소진해 보았다,B-2020-008-M-MIX,Body,2025년 4월 22일 오후 1:41 (GMT+9),2020,8,M,MIX,"삶, 인스타그램","내가 밤을 가장 많이 샜던 시기가 아니었을까. 잠 들지 못하는 깊은 밤 나는 안양천을 달려 한강에 갔다. 무엇인가 붕 뜬 기분, 맘 편히 잘 수 없는 기분을 안고 어떻게든 체력을 소진해 지쳐 쓰러지기 위해 한강에 간 것이다. 달리면 몸이 땅에 붙는 느낌이 들고, 그럼 불안이 조금 잠재워졌다. 밤 풍경을 보거나 해가 뜬 풍경을 보고 자연을 몸에 가득 담아 돌아오면 내 몸도 겨우 잠들 수 있었다. ","목동, 서울"
운동 (시),A-2020--H-MIX,Art,2025년 4월 27일 오후 1:03 (GMT+9),2020,,H,MIX,"삶, 예술, 작업",이 모든 힘의 운동.,서울
그냥 일어나게 내버려두는 것,U-2021-001-H-IMG,Unconsciousness,2025년 4월 10일,2021,1,H,IMG,"공부, 삶",,"목동집, 서울"
정오에 이미 밤이 시작된다,L-2021-002-M-IMG,Life,2025년 4월 10일,2021,2,M,IMG,"공부, 삶","‘양이 최대의 크기에 이르면 음의 어두운 힘이 양의 내부에서 생겨’난다는 말은 니체 힘에의 의지에 대해 배웠을 때 최대의 힘을 방출하고 다시 본성으로 돌아가는 순환을 일깨웠다. 그러고보면 2016년도 부터 쭉 내게는 ‘순환’이 매우 중요한 키워드였다. 지금 생각해보면 나는 들뢰즈의 ‘강도’와 ‘평면’ 개념도 순환과 엮고 싶었던 게 아닐까 싶다. 강도 발생은 무한히 순환하고, 평면은 순환이 일어나는 장.","목동집, 서울"
토요일 계획,L-2021-003-L-IMG,Life,2025년 4월 10일,2021,3,L,IMG,삶,,"창전동, 서울"
"안개 1, 2",A-2021-004-M-IMG,Art,2025년 4월 10일,2021,4,M,IMG,"예술, 작업",이 작품을 보고 나의 첫 소설 <차이 반복의 실험>이 시작되었다.,"문화역서울284, 서울"
살아서 보는 것,L-2021-005-L-IMG,Life,2025년 4월 10일,2021,5,L,IMG,삶,,"고성리, 서귀포시, 제주"
"삶에 희망이 있다는 말은,",L-2021-006-L-IMG,Life,2025년 4월 10일,2021,6,L,IMG,삶,오글거리는 이런 말도 부여잡고 싶었던 걸까.,"창전동, 서울"
인간의 형식,S-2021-007-H-MIX,Study,2025년 4월 20일 오후 4:49 (GMT+9),2021,7,H,MIX,"공부, 삶, 작업, 철학","2021년도에 스터디를 하면서 <차라투스트라는 이렇게 말했다>를 다시 같이 읽었다. 나는 이 때 ‘영원회귀’라는 개념이 인간의 형식이라는 생각을 떠올렸는데, 그건 내가 영원회귀라는 개념을 생존의 방법론으로 채택했기 때문이다. 인간이 아니라면 이런 형태의 형식으로 생명을 유지할까 생각해 봤을 때, 자연에 흐르는 힘 자체를 인간이 이렇게 해석하는 것이 아닐까 싶었고, 그렇다면 그 방식이 자연의 일부인 인간에게도 가장 자연스러운 형식이 아닌가 싶기 때문이었다. 그걸 ‘영원회귀’라는 개념으로 응축하고 번역해서 삶에 적용하는 것 자체가, 그러니까 인간의 형식으로서의 영원회귀에 포함되는 것 같다. 이것은 인간적인, 너무나 인간적인 것이 아닐까.","목동, 서울"
아폴론적-디오니소스적 예술,S-2021-008-H-MIX,Study,2025년 4월 20일 오후 5:30 (GMT+9),2021,8,H,MIX,"예술, 철학",어떻게 꿈의 장면으로 구체화할 것인가에 대한 고민.,"안국동, 서울"
늘 아이러니한 문장들,W-2021-009-M-MIX,Work,2025년 4월 20일 오후 5:32 (GMT+9),2021,9,M,MIX,예술,"아마도 스터디에서 보르헤스를 읽을 때였던 것 같다. ","연남동, 서울"
요가 두타임 하고 쓴 일기,B-2021-010-M-MIX,Body,2025년 4월 20일 오후 5:34 (GMT+9),2021,10,M,MIX,"몸, 일기",2017-18년의 끔찍한 고통을 딛고 나는 이제 고통을 사랑하는 사람이 되었다. ^_^.,"연남동, 서울"
직관은 언제나 모든 것을 알고 있다,U-2021-011-H-MIX,Unconsciousness,2025년 4월 20일 오후 5:36 (GMT+9),2021,11,H,MIX,삶,"가끔 어떤 책이 강렬하게 떠오른다거나 해서 결국 책꽂이에서 그 책을 꺼내 아무 곳이나 펼쳤을 때, 그 당시 내가 해결해야 하는 가장 큰 문제에 대한 답을 얻을 때가 있었다. 나의 직관은 언제나 내게 필요한 것을 미리 알고, 가져다 준다. 나는 이제 그것을 믿지 않을 수 없고, 강렬하게 떠오르는 직감이 있으면 실행하고 무슨 일이 벌어나는지 관찰한다. 그것이 내게 좋지 않은 결과로 이어진 적은 아직까지 없는 것 같다. 하지만 이렇게 확신하는 순간, 반드시 확신하는 내용과 반대의 상황이 일어날 것이다. 너무 미신적인가?","연남동, 서울"
나는 투명하게 들여다보이고 싶다.,L-2021-012-M-MIX,Life,2025년 4월 20일 오후 5:41 (GMT+9),2021,12,M,MIX,삶,"김복희 시인의 시집 날개에 있던 이 문장은 2021년부터 3년 간 내 인스타그램 프로필에 박혀 있었다. 나는 이제 조금 투명해졌고, 이 문구는 더 이상 필요하지 않게 되었다. 그 동안 새로 팔로잉한 사람들이 이게 무슨 말이냐고 종종 물었다.",서울
특정한 삶의 태도가 예술이 될 수 있을 때,A-2021-013-H-MIX,Art,2025년 4월 20일 오후 5:44 (GMT+9),2021,13,H,MIX,"삶, 예술, 일기, 작업","이 프로젝트도 그렇고 ‘삶이 예술이 될 수 있는가’ 라는 질문은 영원한 나의 동력이다. 당시에는 내가 현실에서 실제로 무엇을 했는지, 어떤 것을 할 수 있는지로 이 질문을 규명해내려고 시도했다. 지금 나는 삶이 예술이 될 수 있다고 생각하고, 그렇기에 이 삶 있는 그대로 괜찮다. 더할 나위 없다.",서울
문화예술지 <낭각> 기획,A-2021-014-L-MIX,Art,2025년 4월 20일 오후 5:46 (GMT+9),2021,14,L,MIX,"예술, 작업",이런 걸 만들려고 했었다. 이건 가짜다. 세상에 이미 존재하는 형식에 나를 맞추려 애쓴 흔적이다. 하지만 마지막 문장은 마음에 든다. 낭만의 도취에서 빠져나왔을 때 온전히 느낄 수 있는 낭만이란 얼마나 낭만적으로 존재하는가.,서울
성스러운 관계,U-2021-015-H-MIX,Unconsciousness,2025년 4월 20일 오후 5:49 (GMT+9),2021,15,H,MIX,"삶, 일기","내게는 무의식의 여정을 함께한 오랜 친구가 있다. 우리는 함께 어떤 일을 겪으면서 각자의 시련을 통과했고, 그건 1년 간 매일같이 했던 통화와 2주 간의 런던 여행을 지나 끊어지지 않는 성스러운 원을 만들었다. 우리는 이제 그 성스러운 원이 끊어지는 것마저 자연스러운 일로 받아들일 것이다. 하지만 아직 끊어지지 않고 우리는 서로 또 각자의 시간을 보내며 아직 여정을 함께하고 있다.",서울
무서운 진실!,S-2021-016-M-MIX,Study,2025년 4월 20일 오후 5:53 (GMT+9),2021,16,M,MIX,"공부, 삶, 일기","공부를 하지만 그것이 공부를 위한 공부가 아니라는 사실이 얼마나 위로와 기쁨이 되던지. 지금도 다시 공부를 하고 싶다는 생각이 많이 들지만, 아마 사회가 원하는 그런 종류의 공부가 아니라는 것이 나를 나태하게, 그리고 무식하게 만든다. ",서울
삶이 내게 주는 것들,U-2021-017-M-MIX,Unconsciousness,2025년 4월 20일 오후 5:58 (GMT+9),2021,17,M,MIX,"삶, 일기",짧게 끊어진 문장들과 단락의 구분이 이 글을 읽는 지금의 나를 오그라들게 한다. 하지만 이 프로젝트의 목적에 충실하기 위해 이런 일기도 포함시켰다. 사실 현실적으로 봤을 때 당시 내가 받은 것은 없었다(?). 내가 정신차리지 못할 만큼 힘들었던 압도감은 어디에서 기인한 것일까. 그냥 하루하루 생존을 실천하는 것이 힘겨웠던 것 같기도 하다.,서울
우연에 순종한다는 것이란,U-2021-018-H-MIX,Unconsciousness,2025년 4월 20일 오후 7:22 (GMT+9),2021,18,H,MIX,"삶, 작업, 철학",카오스모스의 길.,서울
제주에서 쓴 가사,L-2022-001-L-MIX,Life,2025년 4월 10일 오후 12:11 (GMT+9),2022,1,L,MIX,작업,,"이호일동, 제주"
윤리-미학정치,S-2022-002-M-MIX,Study,2025년 4월 13일 오후 7:38 (GMT+9),2022,2,M,MIX,"들뢰즈, 철학","발제문의 “ㅋㅋ”를 보니 왠지 지윤의 발제문이었을 것 같다. 최근에는 미학적 삶이란 불교 공사상을 넘어서 다시 강도의 드라마화 운동을 긍정하는 것이라는 생각을 했다. 판단력 비판을 다시 읽어야지 읽어야지 하면서 아직 읽고 있지 않다. 보편의 쾌는 모르겠고, 판단력 비판을 실천하며 살아가는 데에는 감절(甘節), 주역 수택절의 달콤함은 분명 만나게 될 것이라 생각한다.","드로즈 스터디, 서울"
<마카로니 앤 치즈>가 탄생한 순간,A-2022-003-M-MIX,Art,2025년 4월 20일 오후 6:07 (GMT+9),2022,3,M,MIX,작업,애인의 권유로 소설 수업을 듣기 시작했다. 지윤이 추천해 준 소설 선생님의 수업이었다. 첫 수업인지 두 번째 수업에서 아래와 같은 글을 적었다. 이 메모는 곧 <마카로니 앤 치즈>라는 엽편 소설로 자라난다. 나는 분명 그 소설에서 나의 소설가적 역량을 발견했다고 믿는다. 지금은 소설을 쓰지 않지만 말이다.,서울
나는 왜 논문을 쓰는가,U-2022-004-H-MIX,Unconsciousness,2025년 4월 20일 오후 6:10 (GMT+9),2022,4,H,MIX,,"나는 아직도 논문을 쓰지 않았다. 논문을 쓸 수 있는 기한(8개월)이 얼마 남지 않았기 때문에 아마 앞으로도 쓰지 못할 것이다. 이 일기가 내가 논문을 쓰는 이유라면 아마 쓰지 않는 것이 맞을 것이다. ",서울
들뜨는 것에 대하여,U-2022-005-M-MIX,Unconsciousness,2025년 4월 20일 오후 6:12 (GMT+9),2022,5,M,MIX,,카셀 도큐멘타에 가기로 결심하고 항공권을 끊은 날인가 보다. 지금 생각해보면 카셀은 아주 좋진 않았다. 나는 세계가 인정하는 큐레이터(루앙루파라는 인도네시아의 콜렉티브였다)가 선정한 수많은 예술 작품들에 둘러싸여 유리된 기분을 느꼈던 것 같다. 반복되는 무의미함. 나는 무엇을 원하고 무엇을 하고 있는가.,서울
미술계의 문제점,W-2022-006-M-MIX,Work,2025년 4월 20일 오후 6:17 (GMT+9),2022,6,M,MIX,일,"결국 나는 브랜딩 업계의 PM으로 이직했다. 미술계의 문제점은 내 몫이 아니고, 아무도 그 문제를 해결하고자 하지 않는다. 어쩌면 문제가 아니었을지도 모르겠다. 최근에는 화랑미술제에 초대받았지만 아침에 벌떡 일어나 ‘내가 거길 왜 가, 어떻게 벗어났는데’ 하며 가지 않았다. 지금에 와서야 인정한다. 나는 미술계에 받아들여지고 싶었지만 미술계는 아무나 받아들이지 않는다. 이젠 내가 사람들을 받아들일 영역을 스스로 만들고 싶다. 안되면 말고. 나 자신이나 받아들이자..",서울
영적인 것이 사이비로 느껴지는 이유,U-2022-007-M-MIX,Unconsciousness,2025년 4월 20일 오후 6:20 (GMT+9),2022,7,M,MIX,삶,이건 내 개인적인 결핍으로 기인한 이유인 것 같다. 여전히 자본주의 사회에서 당당하게 살기란 도전과제이지만 몰래 저항하기 같은 비밀스러운 힘으로 나는 조금씩 버티는 힘을 기르는 중이다. 그리고 여전히 돈은 많이 벌고 싶다. 그럼 더 큰 스케일로 저항할 수 있다고(?).,서울
객관적 확인 필요,U-2022-008-M-MIX,Unconsciousness,2025년 4월 20일 오후 6:26 (GMT+9),2022,8,M,MIX,"삶, 일기","얼마 전 ChatGPT에게 지금까지 나와의 대화를 통해서 내 강점, 약점, 무의식적 편향을 알려달라고 했는데, 아래 일기로 쓴 내용이 있었다. 자기 자신을 객관적으로 파악하고 싶어함, 감각하고 파악한 내용들을 언어화하고 싶어 함, 추상적으로 사유하지만 삶을 관통하는 질문을 하나 방향성으로 가져가고 싶어 함. 나는 삶이 내게 주는 우연을 이제 기꺼이 받아들이는 사람이 되었다. 보람있다.",서울
고백,L-2022-009-L-MIX,Life,2025년 4월 20일 오후 6:30 (GMT+9),2022,9,L,MIX,삶,"시간까지 적어 둔 것은 조금 소름돋는다. 하지만 그때의 나는 이 말을 들었을 때 얼마나 기뻤을까. 누군가 나를 알아봐주기를 얼마나 바래왔을까. ",서울
인현의 시,L-2023-001-L-MIX,Life,2025년 4월 18일 오전 8:39 (GMT+9),2023,1,L,MIX,"삶, 여행, 예술","공주 여행에서 혼자 먼저 떠나게 되었을 때 인현이 작은 종이에 시를 써서 주었다. 그로부터 3년이 지났고 우린 많은 것을 함께 했다. 나는 아직 답시를 쓰지는 못했고, 이제 먼저 떠날 일도 별로 없지만 이 시는 가끔 기억나서 공주의 그 작은 방을 떠올리게 한다. 다같이 모여 앉아 누군가에게 편지를 쓰던 우리와 무엇인가 생겨나려하는 공주의 골목들.",공주
나는 왜 쓰는가,A-2024-001-H-TXT,Art,2025년 4월 22일 오전 10:15 (GMT+9),2024,1,H,TXT,"삶, 예술, 일기, 작업","이 글을 쓰고 한동안 편지 외에 글을 쓰지 않았다. 글을 쓰는 이유를 알다가도 모른다. 글을 쓰는 법도, 글로 쓰고 싶은 것도.","말과활 아카데미, 서울"
‘있었다’와 ‘있다’의 파편들이 주는 생의 위안,A-2024-002-M-TXT,Art,2025년 4월 22일 오전 10:19 (GMT+9),2024,2,M,TXT,"글, 예술, 일기, 작업",이 글은 정말이지 공유하고 싶지 않았다. 나 자신이 작아졌을 때 쓴 혼란한 글.,"말과활아카데미, 서울"
빨간 집에 사는 소녀,A-2025-001-M-IMG,Art,2025년 4월 24일 오전 12:00 (GMT+9),2025,1,M,IMG,"몸, 예술","어제 책 모임에 다녀와 일기를 썼다. 쓰고 보니 마음에 들어 아침에 인현에게 보냈다. 마음에 들어 하는 것 같다. 우리는 서로에게 물들어 가는 것에 대해 이야기했고, 물드는 과정은 포 착 되 고 있다. 

감각 카드는 이제 완전히 내 삶에 들어왔다. 내 삶을 구성한다. Sencyclopedia(백감사전)은 하나의 태도다.","카우프로스터스, 서울"